id,name,filename,tier,price_eth,supply,royalty_pct,expiry,description,traits
FW-001,The Archivist — Foxwatch Keeper,1463646613_Create_honeycomb_.png,premium,0.005,5000,10,30 days,"Every patrol log, every trail map, every name the Foxwatch has ever carried — the Archivist keeps them all, and remembers what the rest forgot.","Background=Studio peach | Outfit=Suit, tie, and ledger book | Expression=Sharp, amber-eyed | Activity=Record keeping | Companion=Ledger book | Mood=Commanding"
FW-002,The Hunter — Foxwatch Tracker,194268376_Create_lion.png,premium,0.005,5000,10,30 days,Marked by the brush and unbothered by it. The Hunter reads broken twigs like headlines and has never lost a trail.,"Background=Savanna dusk | Outfit=Field shirt and tie | Expression=Fierce, yellow-eyed | Activity=Tracking | Mood=Relentless"
FW-003,The Mosaic — Foxwatch Artisan,2217630029_Create_near_soccer_ball_.png,premium,0.005,5000,10,30 days,"Third of the Foxwatch. The Mosaic is assembled from a thousand colored shards, every one a night the watch held the line. He wears a bow tie because even guardians dress for the occasion.",Art Style=Stained-Glass Mosaic | Outfit=Bow Tie | Expression=Grinning | Background=Warm Gradient | Mood=Festive | Activity=Celebrating
FW-004,The Maw — Foxwatch Berserker,2570261231_Create_monster_.png,premium,0.005,5000,10,30 days,"Ninth of the Foxwatch. Nobody remembers when the Maw joined — he was just suddenly there, grinning at the mountain passes. Intruders remember him. Briefly.",Expression=Snarling | Background=Mountain Sketch | Outfit=Green Shirt | Mood=Feral | Activity=Ambush | Distinction=Fanged Grin
FW-005,The Professor — Foxwatch Strategist,2736731751_Looking_super_cool_for_my_haircut.png,premium,0.005,5000,10,30 days,"Fresh cut, sharp frames, sharper mind. The Professor plans the patrol routes the rest of the Foxwatch just walks.",Background=Peach Wash | Outfit=Safari Shirt and Tie | Accessory=Scholar Glasses | Expression=Smug | Activity=Planning | Mood=Confident
FW-006,The Lion — Foxwatch Heavy,3036550517_Create_lion.png,premium,0.005,5000,10,30 days,"Not a fox, and nobody in the Foxwatch mentions it. When the heavy work starts, the Lion is already there.",Background=Peach Wash | Species=Lion | Outfit=Field Jacket and Tie | Expression=Watchful | Activity=Guarding | Mood=Steadfast
FW-007,The Moonface — Foxwatch Oracle,408838569_Add_a_moon_to_this_art_on_the_side_.png,premium,0.005,5000,10,30 days,Half his face belongs to the night. The Moonface reads the watch's fortunes in moonlight and keeps a lantern lit for those still out.,"Background=Ember Peach | Outfit=Green Jacket, Striped Scarf | Expression=Solemn | Face Marking=Moonlit Half-Mask | Eyes=Gold Coin | Companion=Tail Lantern"
FW-008,The Geode — Foxwatch Enforcer,4141927625_Create_monster_.png,premium,0.005,5000,10,30 days,"Gold mask, crystal teeth, no mercy. When diplomacy fails, the Geode is who the watch sends through the door.","Background=Ember Peach | Outfit=Green Jacket, Fur Trim | Expression=Bared Crystal Teeth | Accessory=Gold Geometric Mask | Mood=Feral | Activity=Enforcement"
FW-009,The Keeper — Foxwatch Apiary,3644849444_Create_honeycomb_.png,premium,0.005,5000,10,30 days,"Freckled from seasons in the comb-fields, the Keeper guards the Foxwatch honey stores. The leaf-veined tail marks every keeper since the first hive.",Background=Honeycomb | Outfit=Olive Blazer | Expression=Keen | Markings=Freckled Snout | Companion=Leaf-vein Tail | Eyes=Green
FW-010,The Captain — Foxwatch Striker,3506641845_Create_soccer_ball_near_by.png,standard,0.001,5000,10,30 days,"Number one, ball at her feet, geometric heart. The Captain runs the Foxwatch drills and never loses a scrimmage.",Background=Peach Wash | Outfit=Number 1 Jersey and Tie | Companion=Soccer Ball | Expression=Focused | Activity=Training | Mood=Determined
