day,id,name,filename,tier,price_eth,supply,royalty_pct,expiry,description,traits
2026-10-10,FW-001,The Archivist — Foxwatch Keeper,1463646613_Create_honeycomb_.png,premium,0.01,100,10.0,30 days,"Every patrol log, every trail map, every name the Foxwatch has ever carried — the Archivist keeps them all, and remembers what the rest forgot.","Background=Studio peach | Outfit=Suit, tie, and ledger book | Expression=Sharp, amber-eyed | Activity=Record keeping | Companion=Ledger book | Mood=Commanding"
2026-10-10,FW-002,The Geode — Foxwatch Enforcer,4141927625_Create_monster_.png,premium,0.01,100,10.0,30 days,"Gold mask, crystal teeth, no mercy. When diplomacy fails, the Geode is who the watch sends through the door.","Background=Ember Peach | Outfit=Green Jacket, Fur Trim | Expression=Bared Crystal Teeth | Accessory=Gold Geometric Mask | Mood=Feral | Activity=Enforcement"
2026-10-10,FW-003,The Hunter — Foxwatch Tracker,194268376_Create_lion.png,premium,0.01,100,10.0,30 days,Marked by the brush and unbothered by it. The Hunter reads broken twigs like headlines and has never lost a trail.,"Background=Savanna dusk | Outfit=Field shirt and tie | Expression=Fierce, yellow-eyed | Activity=Tracking | Mood=Relentless"
2026-10-10,FW-004,The Keeper — Foxwatch Apiary,3644849444_Create_honeycomb_.png,premium,0.01,100,10.0,30 days,"Freckled from seasons in the comb-fields, the Keeper guards the Foxwatch honey stores. The leaf-veined tail marks every keeper since the first hive.",Background=Honeycomb | Outfit=Olive Blazer | Expression=Keen | Markings=Freckled Snout | Companion=Leaf-vein Tail | Eyes=Green
2026-10-10,FW-005,The Lion — Foxwatch Heavy,3036550517_Create_lion.png,premium,0.01,100,10.0,30 days,"Not a fox, and nobody in the Foxwatch mentions it. When the heavy work starts, the Lion is already there.",Background=Peach Wash | Species=Lion | Outfit=Field Jacket and Tie | Expression=Watchful | Activity=Guarding | Mood=Steadfast
2026-10-10,FW-006,The Maw — Foxwatch Berserker,2570261231_Create_monster_.png,premium,0.01,100,10.0,30 days,"Ninth of the Foxwatch. Nobody remembers when the Maw joined — he was just suddenly there, grinning at the mountain passes. Intruders remember him. Briefly.",Expression=Snarling | Background=Mountain Sketch | Outfit=Green Shirt | Mood=Feral | Activity=Ambush | Distinction=Fanged Grin
2026-10-10,FW-007,The Moonface — Foxwatch Oracle,408838569_Add_a_moon_to_this_art_on_the_side_.png,premium,0.01,100,10.0,30 days,Half his face belongs to the night. The Moonface reads the watch's fortunes in moonlight and keeps a lantern lit for those still out.,"Background=Ember Peach | Outfit=Green Jacket, Striped Scarf | Expression=Solemn | Face Marking=Moonlit Half-Mask | Eyes=Gold Coin | Companion=Tail Lantern"
2026-10-10,FW-008,The Mosaic — Foxwatch Artisan,2217630029_Create_near_soccer_ball_.png,premium,0.01,100,10.0,30 days,"Third of the Foxwatch. The Mosaic is assembled from a thousand colored shards, every one a night the watch held the line. He wears a bow tie because even guardians dress for the occasion.",Art Style=Stained-Glass Mosaic | Outfit=Bow Tie | Expression=Grinning | Background=Warm Gradient | Mood=Festive | Activity=Celebrating
2026-10-10,FW-009,The Professor — Foxwatch Strategist,2736731751_Looking_super_cool_for_my_haircut.png,premium,0.01,100,10.0,30 days,"Fresh cut, sharp frames, sharper mind. The Professor plans the patrol routes the rest of the Foxwatch just walks.",Background=Peach Wash | Outfit=Safari Shirt and Tie | Accessory=Scholar Glasses | Expression=Smug | Activity=Planning | Mood=Confident
2026-10-10,FW-014,The Captain — Foxwatch Striker,3506641845_Create_soccer_ball_near_by.png,standard,0.005,100,10.0,30 days,"Number one, ball at her feet, geometric heart. The Captain runs the Foxwatch drills and never loses a scrimmage.",Background=Peach Wash | Outfit=Number 1 Jersey and Tie | Companion=Soccer Ball | Expression=Focused | Activity=Training | Mood=Determined
2026-10-11,FW-010,Honey — Foxwatch Forager,2973512280_Create_honey_.png,standard,0.005,100,10.0,30 days,She knows every hive within ten miles and the Foxwatch eats because of it. The 'Honey Honey' tag is her signature on every jar.,Background=Peach Wash | Outfit=Field Jacket and Tie | Expression=Content | Activity=Foraging | Companion=None | Mood=Satisfied
2026-10-11,FW-011,The Aeronaut — Foxwatch Skyline,3901539990_Create_balloons_near_by.png,standard,0.005,100,10.0,30 days,"Goggles on, balloons rigged. The Aeronaut maps the watch's territory from above and never misses a thing.","Background=Ember Peach | Outfit=Green Jacket, Red Tie | Expression=Focused | Accessory=Dual-Lens Goggles | Companion=Signal Balloons | Activity=Aerial Survey"
2026-10-11,FW-012,The Amber — Foxwatch Dunes,722115235_Create_honey_.png,standard,0.005,100,10.0,30 days,Cast in honey-gold from the desert sun. The Amber holds the southern dunes where the light never quite fades.,"Background=Dune Silhouette | Outfit=Green Jacket, Brown Tie | Expression=Resolute | Fur Tone=Honey Gold | Mood=Warm | Activity=Desert Watch"
2026-10-11,FW-013,The Beekeeper — Foxwatch Harvester,3688848821_Create_honeycomb_.png,standard,0.005,100,10.0,30 days,Honeycomb patterned into her very fur. The Beekeeper tends the hives that keep the Foxwatch fed through winter.,Background=Peach Wash | Outfit=Harvest Vest | Marking=Honeycomb Fur | Expression=Calm | Activity=Harvesting | Mood=Patient
2026-10-11,FW-015,The Cartographer — Foxwatch Scout Corps,1936266916_Create_balloons_near_by.png,standard,0.005,100,10.0,30 days,"The maps on his shoulder are drawn from memory, and his memory has never been wrong. The Cartographer knows trails that aren't on any chart.","Background=Tall grass | Outfit=Jacket, tie, and map scroll | Expression=Wide-eyed, curious | Activity=Charting trails | Companion=Map scroll | Mood=Inquisitive"
2026-10-11,FW-016,The Comb — Foxwatch Keeper,459695053_Create_honeycomb_.png,standard,0.005,100,10.0,30 days,Keeper of the watch's sweet stores. The Comb's honeycomb coat marks him as the one who feeds the den through winter.,"Background=Ember Peach | Outfit=Green Jacket, Patterned Shirt | Expression=Serene | Fur Pattern=Honeycomb Weave | Companion=Honey Pots | Activity=Harvest"
2026-10-11,FW-017,The Dandy — Foxwatch Emissary,2716202802_Create_blankets_near_by.png,standard,0.005,100,10.0,30 days,"Twelfth of the Foxwatch. The Dandy is the watch's envoy to every court and caravan on the desert road. Paisley vest, perfect posture, and a deal for every occasion.",Outfit=Paisley Vest | Expression=Poised | Background=Desert Mesas | Mood=Suave | Activity=Diplomacy | Distinction=Patterned Vest
2026-10-11,FW-018,The Dispatch — Foxwatch Courier,3579689588_Create_balloons_near_by.png,standard,0.005,100,10.0,30 days,"Spectacled and packed for the long route, the Courier delivers Foxwatch orders by paper glider — faster than any runner, quieter than any drone.",Background=Warm Peach | Outfit=Gray Blazer | Eyewear=Round Spectacles | Companion=Paper Glider | Gear=Field Backpack | Mood=Alert
2026-10-11,FW-019,The Draftsman — Foxwatch Scout,1952348206_Create_lion.png,standard,0.005,100,10.0,30 days,Sketches every trailhead before the patrol moves. The Draftsman's ink-splattered field drawings have guided more night marches than any compass.,"Background=Ink-splatter dusk | Outfit=Patched field shirt | Expression=Intense, yellow-eyed | Activity=Sketching trails | Mood=Focused"
2026-10-11,FW-020,The Drifter — Foxwatch Outrider,2129191665_Looking_super_cool_for_my_haircut.png,standard,0.005,100,10.0,30 days,"Second of the Foxwatch. The Drifter walks the outer patrols alone, fringe over one eye, never in a hurry and never late. Ask him what he's watching for and he'll just smile.",Background=Warm Gradient | Outfit=Teal Overshirt | Expression=Cool Side-Eye | Hairstyle=Emo Fringe | Mood=Confident | Activity=Patrolling
2026-10-11,FW-021,The Forward — Foxwatch Vanguard,2496898075_Create_soccer_ball_near_by.png,standard,0.005,100,10.0,30 days,"Eighth of the Foxwatch. The Striker settled the great meadow derby with a single impossible goal. He still brings the ball everywhere, just in case.",Outfit=Green Vest | Expression=Grinning | Companion=Soccer Ball | Background=Warm Gradient | Mood=Playful | Activity=Match Day
2026-10-12,FW-022,The Ghost — Foxwatch Infiltrator,376599890_Create_blankets_all_around_.png,standard,0.005,100,10.0,30 days,"Leaf-wrapped and dapple-furred, gone before you blink. The Ghost scouts the places the patrols can't reach.",Background=Peach Wash | Outfit=Leaf Wrap and Plaid Scarf | Marking=Dappled Camo Fur | Expression=Calm | Activity=Infiltrating | Mood=Elusive
2026-10-12,FW-023,The Golden Hour — Foxwatch Sentinel,3793062394_Create_honey_.png,standard,0.005,100,10.0,30 days,Every evening the Sentinel takes the west post as the light turns to honey. Nothing has ever crossed the line on their watch.,Background=Amber Glow | Outfit=Green Blazer | Expression=Serene | Lighting=Golden Hour | Pose=Profile | Mood=Watchful
2026-10-12,FW-024,The Hearth — Foxwatch Keeper,2391447560_Create_blankets_near_by.png,standard,0.005,100,10.0,30 days,Fifth of the Foxwatch. The Hearth keeps the den warm and the blankets folded. Every patrol that comes home cold finds a scarf waiting with their name stitched in.,Outfit=Striped Scarf | Expression=Serene | Background=Warm Gradient | Mood=Calm | Activity=Resting | Accessory=Teal Shawl
2026-10-12,FW-025,The Jubilee — Foxwatch Reveler,2728793858_Create_balloons_near_by.png,standard,0.005,100,10.0,30 days,"Thirteenth of the Foxwatch. The Jubilee throws the party after every victory, balloons and all. Someone has to celebrate the wins — he's made it his whole job.",Companion=Balloons | Outfit=Pinstripe Vest | Expression=Cheerful | Background=Warm Gradient | Mood=Festive | Activity=Celebrating | Distinction=Grand Muzzle
2026-10-12,FW-026,The Lieutenant — Foxwatch Officer,1923651856_Looking_super_cool_for_my_haircut.png,standard,0.005,100,10.0,30 days,Second in command of the dawn patrol. The Lieutenant doesn't raise his voice; the treeline just listens anyway.,"Background=Studio peach | Outfit=Officer jacket and tie | Expression=Serious, direct gaze | Activity=Inspection | Mood=Disciplined"
2026-10-12,FW-027,The Mane — Foxwatch Prideleader,2677382388_Create_lion.png,standard,0.005,100,10.0,30 days,"Eleventh of the Foxwatch. The Mane grew his ruff on the high ridges and carries himself like it. Orange scarf, green eyes, zero doubt. Follow him or get out of the way.",Distinction=Lion Mane | Outfit=Orange Scarf | Expression=Sharp | Background=Warm Gradient | Mood=Proud | Activity=Leading
2026-10-12,FW-028,The Medic — Foxwatch Corpsman,3061680416_Create_cute_.png,standard,0.005,100,10.0,30 days,"Mask on, badge out. The Medic has patched up half the Foxwatch and asks for nothing but a quiet corner afterward.",Background=Peach Wash | Outfit=Field Jacket and Tie | Accessory=Face Mask | Expression=Alert | Activity=Tending | Mood=Dutiful
2026-10-12,FW-029,The Oddball — Foxwatch Outcast,1433053916_Eating_a_human.png,standard,0.005,100,10.0,30 days,"Muzzled, bug-eyed, and humming to himself. Nobody knows what the Oddball is guarding, but nothing has ever gotten past him.","Background=Studio peach | Outfit=Utility vest and muzzle rig | Expression=Dazed, humming | Activity=Standing guard | Mood=Eccentric"
2026-10-12,FW-030,The Overtime — Foxwatch Nightwatch,2251141444_Eating_a_human.png,standard,0.005,100,10.0,30 days,"Fourth of the Foxwatch. The Overtime has pulled every night shift since the watch began, and it shows. He'll hold the post until relieved, then sleep standing up.",Outfit=Gray Suit | Expression=Weary | Background=Warm Gradient | Mood=Exhausted | Activity=Night Shift | Companion=None
2026-10-12,FW-031,The Passenger — Foxwatch Drifter,3827765277_Add_different_backgrounds_.png,standard,0.005,100,10.0,30 days,He never travels alone. The little wisp on his tail has ridden with him through every territory the watch holds.,"Background=Rose Polygon | Outfit=Green Field Jacket, Patterned Shirt | Expression=Sideways Glance | Companion=White Tail Wisp | Mood=Wary | Activity=Patrol"
2026-10-12,FW-032,The Quartermaster — Foxwatch Supply,1914191684_Add_different_backgrounds_.png,standard,0.005,100,10.0,30 days,"Boots, rations, spare scarves — if the Foxwatch needs it, the Quartermaster already packed two. Just don't ask where he got them.","Background=Studio peach | Outfit=Vest, shirt, and tie | Expression=Slight smirk | Activity=Inventory check | Mood=Resourceful"
2026-10-13,FW-033,The Quiet — Foxwatch Ranger,4250985850_Add_different_backgrounds_.png,standard,0.005,100,10.0,30 days,He says little and sees everything. The Quiet walks the long borders alone and reports back only what matters.,Background=Dune Shadow | Outfit=Tan Utility Jacket | Expression=Calm | Ear Marking=Silver Tips | Mood=Steady | Activity=Border Patrol
2026-10-13,FW-034,The Quilt — Foxwatch Sentry,73668742_Create_blankets_near_by.png,standard,0.005,100,10.0,30 days,"Wrapped in his quilted vest against the coldest posts. The Quilt never leaves his station, no matter the weather.","Background=City Dusk | Outfit=Quilted Vest, Patterned Scarf | Expression=Watchful | Mood=Patient | Companion=Supply Crate | Activity=Cold Post"
2026-10-13,FW-035,The Ranger — Foxwatch Pathfinder,2495087154_Create_near_soccer_ball_.png,standard,0.005,100,10.0,30 days,"Seventh of the Foxwatch. The Ranger reads trails the way others read books. Olive tunic, travel cloak, eyes on the horizon — if he's watching, the den is safe.",Outfit=Olive Tunic | Expression=Watchful | Background=Warm Gradient | Mood=Steady | Activity=Scouting | Accessory=Travel Cloak
2026-10-13,FW-036,The Rider — Foxwatch Outrider,972657920_Add_different_backgrounds_.png,standard,0.005,100,10.0,30 days,"Fastest courier in the watch, with a tiny horse riding his tail for luck. The Rider's messages always arrive first.","Background=Ember Peach | Outfit=Tan Safari Jacket, Brown Tie | Expression=Sharp-Eyed | Fur Marking=Fluff Ruff | Companion=Tiny Tail Horse | Activity=Courier Run"
2026-10-13,FW-037,The Rogue — Foxwatch Outsider,1327899522_A_fox_being_himself_.png,standard,0.005,100,10.0,30 days,He wears the Foxwatch jacket but follows his own map. The Rogue shows up exactly when he's needed and never when he's expected.,"Background=Studio peach | Outfit=Field jacket, arms crossed | Expression=Sideways smirk | Activity=Lounging on duty | Mood=Mischievous"
2026-10-13,FW-038,The Scholar — Foxwatch Scribe,1943142706_Create_near_soccer_ball_.png,standard,0.005,100,10.0,30 days,Head in a book more often than on patrol. The Scholar insists the old field manuals hold answers the Foxwatch hasn't thought to ask for yet.,Background=Studio peach | Outfit=Shirt and striped tie | Expression=Face buried in book | Activity=Reading | Companion=Open book | Mood=Absorbed
2026-10-13,FW-039,The Shard — Foxwatch Vanguard,684769676_Create_soccer_ball_near_by.png,standard,0.005,100,10.0,30 days,"Cut at hard angles and twice as sharp, the Shard leads the vanguard charge. The blue confetti marks a celebration that hasn't happened yet.",Background=Abstract Dunes | Outfit=Dark Field Jacket | Style=Angular | Accent=Blue Confetti | Expression=Focused | Mood=Bold
2026-10-13,FW-040,The Siesta — Foxwatch Dreamer,2630669587_Create_cute_.png,standard,0.005,100,10.0,30 days,"Tenth of the Foxwatch. The Siesta guards the quiet hours by example. Her safari patches are earned one nap at a time, and her coffee mug is never, ever empty.",Outfit=Safari Shirt | Expression=Drowsy | Background=Mug Sketch | Mood=Sleepy | Activity=Napping | Distinction=Shoulder Patches
2026-10-13,FW-041,The Sketch — Foxwatch Draft,500717788_Create_soccer_ball_near_by.png,standard,0.005,100,10.0,30 days,"Every legend starts as a rough line. The Sketch is the watch's first draft of itself — unfinished, unpolished, unstoppable.","Background=Ember Peach | Outfit=Green Jacket, Red Tie | Expression=Determined | Art Style=Rough Sketch | Companion=Angular Play Ball | Activity=Training"
2026-10-13,FW-042,The Sleeper — Foxwatch Dreamer,3265955878_Create_blankets_near_by.png,standard,0.005,100,10.0,30 days,"Wrapped tight against the cold, dreaming in patrol patterns. Even asleep, the Sleeper is on watch.",Background=Peach Wash | Outfit=Wrapped Blanket | Expression=Serene | Activity=Resting | Mood=Peaceful
2026-10-13,FW-043,The Snarl — Foxwatch Brute,3785356837_Create_monster_.png,standard,0.005,100,10.0,30 days,"When the watch needs teeth, it calls the Snarl. His glare has ended more standoffs than his fists ever had to.","Background=Ember Peach | Outfit=Safari Jacket, Brown Tie | Expression=Bared Fangs | Eyes=Round Yellow | Mood=Menacing | Activity=Intimidation"
2026-10-14,FW-044,The Sprout — Foxwatch Tenderfoot,2439105903_Create_cute_.png,standard,0.005,100,10.0,30 days,"Sixth of the Foxwatch. The Sprout is the youngest recruit, all wide eyes and pressed shirts. The veterans tease him; the Sprout just trains harder.",Art Style=Soft Anime | Outfit=Checkered Shirt | Expression=Earnest | Background=Meadow Sprigs | Mood=Hopeful | Activity=Field Training
2026-10-14,FW-045,The Striker — Foxwatch Vanguard,1624541771_scoring_a_goal.png,standard,0.005,100,10.0,30 days,"First through the brush, last to leave it. The Striker earned the name on the field and kept it on the trail.","Background=Ember field | Outfit=Open field shirt | Expression=Eyes closed, satisfied | Activity=Post-match rest | Mood=Triumphant"
2026-10-14,FW-046,The Traveler — Foxwatch Quartermaster,3015533207_Eating_a_human.png,standard,0.005,100,10.0,30 days,Every den needs someone who keeps the canteens full. The Traveler drinks deep and shares deeper.,Background=Peach Wash | Outfit=Field Jacket and Striped Tie | Accessory=Canteen | Expression=Content | Activity=Resupplying | Mood=Relaxed
2026-10-14,FW-047,The Trekker — Foxwatch Pathfinder,3126319483_Create_blankets_all_around_.png,standard,0.005,100,10.0,30 days,"Scarf against the evening grass, eyes on the horizon. The Ranger walks point so the column never walks blind.",Background=Grassland Edge | Outfit=Field Jacket and Checkered Scarf | Expression=Calm | Activity=Scouting | Mood=Steady
2026-10-14,FW-048,The Veteran — Foxwatch Old Guard,3618691708_Create_near_soccer_ball_.png,standard,0.005,100,10.0,30 days,Half-lidded eyes that have seen every season. The Veteran teaches the young ones what the manuals leave out.,Background=Peach Wash | Outfit=Field Jacket and Striped Tie | Expression=Weary | Activity=Mentoring | Mood=Grounded
2026-10-14,FW-049,The Veteran — Foxwatch Ranger,1106973598_scoring_a_goal.png,standard,0.005,100,10.0,30 days,"Eyes closed, ears up. The Veteran has heard every alarm the treeline can sound and stopped flinching years ago. Foxwatch's steadiest paw on patrol.","Background=Peach dusk | Outfit=Ranger shirt with sleeve patch | Expression=Calm, eyes closed | Activity=Patrol rest | Mood=Steadfast"
2026-10-14,FW-050,The Wanderer — Foxwatch Outrider,2881327984_A_fox_being_himself_.png,standard,0.005,100,10.0,30 days,"No orders, no schedule, no problem. The Drifter ranges beyond the marked trails and reports back only when it matters.",Background=Peach Wash | Outfit=Field Jacket and Tie | Expression=Half-Lidded | Activity=Patrolling | Mood=Unbothered
2026-10-14,FW-051,The Watcher — Foxwatch Sentinel,3517728014_Eating_a_human.png,standard,0.005,100,10.0,30 days,"Big eyes, clean coat, cleaner record. The Watcher takes the night shift and has never missed a thing.",Background=Peach Wash | Outfit=Field Jacket and Tie | Expression=Attentive | Activity=Standing Watch | Mood=Vigilant
2026-10-14,FW-052,The Wayfarer — Foxwatch Traveler,1151332596_Create_blankets_all_around_.png,standard,0.005,100,10.0,30 days,"Wrapped in a road-worn scarf, the Wayfarer walks the far trails between Foxwatch outposts carrying messages no wire can be trusted with.","Background=Plain dusk | Outfit=Work shirt and long striped scarf | Expression=Alert, scanning | Activity=Trail walking | Mood=Watchful"
2026-10-14,FW-053,The Wink — Foxwatch Charmer,440330537_A_fox_being_himself_.png,standard,0.005,100,10.0,30 days,"No mission, no disguise — just himself, and that's always been enough. The Wink talks his way past any gate.","Background=Ember Peach | Outfit=Gray Vest, Brown Tie | Expression=Wink | Mood=Smug | Activity=Negotiation"
